CustomerID,Churn
262106,0.2346735
37061,0.783293
361832,0.922246